三和警備保障株式会社 久米川駅エリア 列車見張員(夜勤),"東京都東村山市
※記載の住所と駅名は募集エリアです。面接地は原稿内をご参照下さい。(希望の勤務地で勤務できない場合があります。) 久米川駅、東村山駅、八坂(東京)駅、萩山駅、小川(東京)駅",https://machbaito.jp/detail/6367001,三和警備保障株式会社 久米川駅エリア 列車見張員(夜勤)のバイト・パート求人情報
アン・プラス 宇和島店,愛媛県宇和島市栄町港2丁目600-10 市坪駅 徒歩21分、松山(愛媛)駅 徒歩22分、土居田駅 徒歩8分,https://machbaito.jp/detail/339564,アン・プラス 宇和島店のバイト・パート求人情報
太陽鉱油株式会社 城南島ＳＳ,東京都大田区城南島７－１－５ 流通センター駅 徒歩23分、昭和島駅 徒歩28分、大井競馬場前駅 徒歩30分,https://machbaito.jp/detail/1586336,太陽鉱油株式会社 城南島ＳＳのバイト・パート求人情報
pia Sapido ゆめタウン廿日市店 店長候補(正社員),"広島県廿日市市下平良2-2-1
ゆめタウン廿日市 廿日市市役所前(平良)駅 徒歩6分、宮内串戸駅 徒歩10分、廿日市駅 徒歩12分",https://machbaito.jp/detail/519559,pia Sapido ゆめタウン廿日市店 店長候補(正社員)のバイト・パート求人情報
https://mynavi-ms.jp/jobs/686216748,大手企業のグループ会社で安定☆函館市にて病院内厨房の調理業務☆週4日～OK！車通勤OK
https://mynavi-ms.jp/jobs/686216764,正社員登用多数☆病院の調理員◎まかない付き！経験者優遇！お得な割引制度も有☆時給最大1200円☆
https://mynavi-ms.jp/jobs/686217853,大手企業のグループ会社で安定☆苫小牧市にて社員食堂の調理補助☆朝時間を有効活用！車通勤OK
https://mynavi-ms.jp/jobs/686216760,正社員登用多数☆病院の調理員◎経験者優遇！お得な割引制度も有☆時給最大1250円☆
https://mynavi-ms.jp/jobs/686217855,大手企業のグループ会社で安定☆士別市にて社員食堂の調理補助☆朝時間を有効活用！車通勤OK
https://mynavi-ms.jp/jobs/686216761,大手企業のグループ会社で安定☆旭川市にて病院の調理員☆朝時間を有効活用！車通勤OK
https://mynavi-ms.jp/jobs/686216765,大手企業のグループ会社で安定☆小樽市にて社会福祉施設の調理補助☆週1日～OK！車通勤OK
https://mynavi-ms.jp/jobs/686216752,大手企業のグループ会社で安定☆小樽市にて病院の調理補助☆朝時間を有効活用！車通勤OK
https://mynavi-ms.jp/jobs/686216759,大手企業のグループ会社で安定☆札幌市中央区にて病院の調理補助☆週3日～OK！車通勤OK
https://mynavi-ms.jp/jobs/686217851,大手企業のグループ会社で安定☆苫小牧市にて社員食堂の調理補助☆深夜・早朝の時間を有効活用！車通勤OK
https://mynavi-ms.jp/jobs/686217010,大手企業のグループ会社で安定☆札幌市中央区にて保育施設内厨房の調理員☆朝時間を有効活用！車通勤OK
https://mynavi-ms.jp/jobs/686216751,大手企業のグループ会社で安定☆小樽市にて病院の調理補助☆朝時間を有効活用！車通勤OK
https://mynavi-ms.jp/jobs/686217011,大手企業のグループ会社で安定☆札幌市中央区にて保育施設内厨房の調理補助☆朝時間を有効活用！車通勤OK
https://mynavi-ms.jp/jobs/686216757,正社員登用多数☆病院の調理補助◎経験者優遇！お得な割引制度も有☆時給1100円☆
https://mynavi-ms.jp/jobs/686216762,大手企業のグループ会社で安定☆旭川市にて病院の調理員☆朝時間を有効活用！車通勤OK
https://mynavi-ms.jp/jobs/686216753,大手企業のグループ会社で安定☆小樽市にて病院の調理補助☆朝時間を有効活用！車通勤OK
https://mynavi-ms.jp/jobs/686216755,正社員登用多数☆病院の調理補助◎経験者優遇！お得な割引制度も有☆時給1100円☆
https://mynavi-ms.jp/jobs/686217852,大手企業のグループ会社で安定☆苫小牧市にて社員食堂の調理補助☆朝時間を有効活用！車通勤OK
https://mynavi-ms.jp/jobs/686216749,大手企業のグループ会社で安定☆函館市にて施設内厨房の調理補助☆夕方以降の時間を有効活用！車通勤OK
https://mynavi-ms.jp/jobs/686216766,正社員登用多数☆社会福祉施設の調理員◎経験者優遇！お得な割引制度も有☆時給最大1350円☆
https://mynavi-ms.jp/jobs/686217856,大手企業のグループ会社で安定☆苫小牧市にて学生寮の調理員☆朝時間を有効活用！車通勤OK
https://mynavi-ms.jp/jobs/686216747,正社員登用多数☆病院の調理補助◎経験者優遇！お得な割引制度も有☆時給1075円☆
https://mynavi-ms.jp/jobs/685795415,《マイナビグループ》座り仕事◎電話でお仕事紹介するだけ♪未経験OK【人材コーディネーター】土日祝休み
https://mynavi-ms.jp/jobs/686216754,大手企業のグループ会社で安定☆小樽市にて病院の調理補助☆朝時間を有効活用！車通勤OK
https://mynavi-ms.jp/jobs/686217033,正社員登用多数☆社会福祉施設の調理補助◎経験者優遇！お得な割引制度も有☆時給1075円☆
https://mynavi-ms.jp/jobs/686217038,働き方の相談大歓迎◎小樽市立病院 内厨房で病院の調理補助のお仕事◎未経験歓迎
https://mynavi-ms.jp/jobs/686217053,正社員登用多数☆病院の調理補助◎経験者優遇！お得な割引制度も有☆時給1100円☆
https://mynavi-ms.jp/jobs/686216763,大手企業のグループ会社で安定☆旭川市にて病院の調理員☆朝時間を有効活用！車通勤OK
https://mynavi-ms.jp/jobs/686217854,大手企業のグループ会社で安定☆苫小牧市にて社員寮の調理補助☆朝時間を有効活用！車通勤OK
https://mynavi-ms.jp/jobs/686216750,正社員登用多数☆社会福祉施設の調理補助◎経験者優遇！お得な割引制度も有☆時給1075円☆
https://mynavi-ms.jp/jobs/686217070,孫の為に買ってあげたい！いくつになっても働ける！病院の調理員のお仕事！朝時間を有効活用！
https://mynavi-ms.jp/jobs/686216758,大手企業のグループ会社で安定☆札幌市中央区にて病院の調理員☆週3日～OK！車通勤OK
https://mynavi-ms.jp/jobs/686216756,正社員登用多数☆病院の調理補助◎経験者優遇！お得な割引制度も有☆時給1100円☆
https://mynavi-ms.jp/jobs/686217975,働き方の相談大歓迎◎トヨタ北海道 内厨房で社員食堂の調理補助のお仕事◎未経験歓迎
https://mynavi-ms.jp/jobs/686217981,働き方の相談大歓迎◎トヨタ北海道 内厨房で社員食堂の調理補助のお仕事◎未経験歓迎
https://mynavi-ms.jp/jobs/685318132,【住友不動産グループ】設備・建物点検／土日祝休み◎年間休日125日！日勤◆月28.4万円も！
https://mynavi-ms.jp/jobs/686217024,正社員登用多数☆病院の調理補助◎経験者優遇！お得な割引制度も有☆時給1075円☆
https://mynavi-ms.jp/jobs/686217074,正社員登用多数☆病院の調理員◎まかない付き！経験者優遇！お得な割引制度も有☆時給最大1200円☆
https://mynavi-ms.jp/jobs/686217059,働き方の相談大歓迎◎札幌円山整形外科病院 内厨房で病院の調理補助のお仕事◎未経験歓迎
https://mynavi-ms.jp/jobs/686217816,まかないが出るので食費を節約！朝時間を有効活用！保育施設内厨房の調理補助♪副業＆掛け持ちも大歓迎
https://mynavi-ms.jp/jobs/686217034,正社員登用多数☆社会福祉施設の調理補助◎経験者優遇！お得な割引制度も有☆時給1075円☆
https://mynavi-ms.jp/jobs/686217990,働き方の相談大歓迎◎駒大苫小牧高校龍生寮で学生寮の調理員のお仕事◎未経験歓迎
https://mynavi-ms.jp/jobs/686217069,簡単業務で始めやすい◎朝時間を有効活用！病院の調理員♪副業＆掛け持ちも大歓迎
https://mynavi-ms.jp/jobs/686217058,孫の為に買ってあげたい！いくつになっても働ける！病院の調理員のお仕事！朝時間を有効活用！
https://mynavi-ms.jp/jobs/686217062,正社員登用多数☆病院の調理員◎経験者優遇！お得な割引制度も有☆時給最大1250円☆
https://mynavi-ms.jp/jobs/686217051,正社員登用多数☆病院の調理補助◎経験者優遇！お得な割引制度も有☆時給1100円☆
https://mynavi-ms.jp/jobs/686217991,まかないが出るので食費を節約！朝時間を有効活用！学生寮の調理員♪副業＆掛け持ちも大歓迎
https://mynavi-ms.jp/jobs/686217985,まかないが出るので食費を節約！朝時間を有効活用！社員寮の調理補助♪副業＆掛け持ちも大歓迎
https://mynavi-ms.jp/jobs/686217977,孫の為に買ってあげたい！いくつになっても働ける！社員食堂の調理補助！深夜・早朝の時間を有効活用！
https://mynavi-ms.jp/jobs/686217068,働き方の相談大歓迎◎北彩都病院 内厨房で病院の調理員のお仕事◎未経験歓迎
https://mynavi-ms.jp/jobs/686217992,孫の為に買ってあげたい！いくつになっても働ける！学生寮の調理員のお仕事！朝時間を有効活用！
https://mynavi-ms.jp/jobs/686217030,簡単業務で始めやすい◎夕方以降の時間を有効活用！施設内厨房の調理補助♪副業＆掛け持ちも大歓迎
https://mynavi-ms.jp/jobs/686217071,働き方の相談大歓迎◎北彩都病院 内厨房で病院の調理員のお仕事◎未経験歓迎
https://mynavi-ms.jp/jobs/686217052,正社員登用多数☆病院の調理補助◎経験者優遇！お得な割引制度も有☆時給1100円☆
https://mynavi-ms.jp/jobs/686217056,働き方の相談大歓迎◎札幌円山整形外科病院 内厨房で病院の調理員のお仕事◎未経験歓迎
https://mynavi-ms.jp/jobs/686217060,簡単業務で始めやすい◎週3日～始められる病院の調理補助♪副業＆掛け持ちも大歓迎
https://mynavi-ms.jp/jobs/686217976,まかないが出るので食費を節約！深夜・早朝の時間を有効活用！社員食堂の調理補助♪副業＆掛け持ちも大歓迎
https://mynavi-ms.jp/jobs/686217980,孫の為に買ってあげたい！いくつになっても働ける！社員食堂の調理補助のお仕事！朝時間を有効活用！
https://mynavi-ms.jp/jobs/686217987,働き方の相談大歓迎◎トヨタ士別試験場 内厨房で社員食堂の調理補助のお仕事◎未経験歓迎
https://mynavi-ms.jp/jobs/686217079,孫の為に買ってあげたい！いくつになっても働ける！社会福祉施設の調理補助のお仕事！朝時間を有効活用！
https://mynavi-ms.jp/jobs/686217023,正社員登用多数☆病院の調理補助◎経験者優遇！お得な割引制度も有☆時給1075円☆
https://mynavi-ms.jp/jobs/686217025,正社員登用多数☆病院の調理補助◎経験者優遇！お得な割引制度も有☆時給1075円☆
https://mynavi-ms.jp/jobs/686217041,働き方の相談大歓迎◎小樽市立病院 内厨房で病院の調理補助のお仕事◎未経験歓迎
https://mynavi-ms.jp/jobs/686217082,正社員登用多数☆社会福祉施設の調理員◎経験者優遇！お得な割引制度も有☆時給最大1350円☆
https://mynavi-ms.jp/jobs/686217812,働き方の相談大歓迎◎こうさい保育園 内厨房で保育施設内厨房の調理員のお仕事◎未経験歓迎
https://mynavi-ms.jp/jobs/686217049,正社員登用多数☆病院の調理補助◎経験者優遇！お得な割引制度も有☆時給1100円☆
https://mynavi-ms.jp/jobs/686217064,正社員登用多数☆病院の調理員◎経験者優遇！お得な割引制度も有☆時給最大1250円☆
https://mynavi-ms.jp/jobs/686217063,正社員登用多数☆病院の調理員◎経験者優遇！お得な割引制度も有☆時給最大1250円☆
https://mynavi-ms.jp/jobs/686217028,孫の為に買ってあげたい！いくつになっても働ける！病院内厨房の調理業務のお仕事！朝時間を有効活用！
https://mynavi-ms.jp/jobs/686217983,孫の為に買ってあげたい！いくつになっても働ける！社員食堂の調理補助のお仕事！朝時間を有効活用！
https://mynavi-ms.jp/jobs/686217984,働き方の相談大歓迎◎トヨタ北海道クレール美園寮で社員寮の調理補助のお仕事◎未経験歓迎
https://mynavi-ms.jp/jobs/686217072,簡単業務で始めやすい◎朝時間を有効活用！病院の調理員♪副業＆掛け持ちも大歓迎
https://mynavi-ms.jp/jobs/686217067,孫の為に買ってあげたい！いくつになっても働ける！病院の調理員のお仕事！朝時間を有効活用！
https://mynavi-ms.jp/jobs/686217061,孫の為に買ってあげたい！いくつになっても働ける！病院の調理補助のお仕事！朝時間を有効活用！
https://mynavi-ms.jp/jobs/686217075,正社員登用多数☆病院の調理員◎まかない付き！経験者優遇！お得な割引制度も有☆時給最大1200円☆
https://mynavi-ms.jp/jobs/686217813,まかないが出るので食費を節約！朝時間を有効活用！保育施設内厨房の調理員♪副業＆掛け持ちも大歓迎
https://mynavi-ms.jp/jobs/686217978,働き方の相談大歓迎◎トヨタ北海道 内厨房で社員食堂の調理補助のお仕事◎未経験歓迎
https://mynavi-ms.jp/jobs/686217077,働き方の相談大歓迎◎北海道宏栄社 内厨房で社会福祉施設の調理補助のお仕事◎未経験歓迎
https://mynavi-ms.jp/jobs/686217076,正社員登用多数☆病院の調理員◎まかない付き！経験者優遇！お得な割引制度も有☆時給最大1200円☆
https://mynavi-ms.jp/jobs/686217078,簡単業務で始めやすい◎週1日～始められる社会福祉施設の調理補助♪副業＆掛け持ちも大歓迎
https://mynavi-ms.jp/jobs/686217989,孫の為に買ってあげたい！いくつになっても働ける！社員食堂の調理補助のお仕事！朝時間を有効活用！
https://mynavi-ms.jp/jobs/686217026,働き方の相談大歓迎◎吉田眼科病院 内厨房で病院内厨房の調理業務のお仕事◎未経験歓迎
https://mynavi-ms.jp/jobs/686217032,正社員登用多数☆社会福祉施設の調理補助◎経験者優遇！お得な割引制度も有☆時給1075円☆
https://mynavi-ms.jp/jobs/686217031,孫の為に買ってあげたい！いくつになっても働ける！施設内厨房の調理補助！夕方以降の時間を有効活用！
https://mynavi-ms.jp/jobs/686217073,孫の為に買ってあげたい！いくつになっても働ける！病院の調理員のお仕事！朝時間を有効活用！
https://mynavi-ms.jp/jobs/686217979,まかないが出るので食費を節約！朝時間を有効活用！社員食堂の調理補助♪副業＆掛け持ちも大歓迎
https://mynavi-ms.jp/jobs/686217040,孫の為に買ってあげたい！いくつになっても働ける！病院の調理補助のお仕事！朝時間を有効活用！
https://mynavi-ms.jp/jobs/686217055,正社員登用多数☆病院の調理補助◎経験者優遇！お得な割引制度も有☆時給1100円☆
https://mynavi-ms.jp/jobs/686217039,簡単業務で始めやすい◎朝時間を有効活用！病院の調理補助♪副業＆掛け持ちも大歓迎
https://mynavi-ms.jp/jobs/686217044,働き方の相談大歓迎◎小樽市立病院 内厨房で病院の調理補助のお仕事◎未経験歓迎
https://mynavi-ms.jp/jobs/686217054,正社員登用多数☆病院の調理補助◎経験者優遇！お得な割引制度も有☆時給1100円☆
https://mynavi-ms.jp/jobs/686217817,孫の為に買ってあげたい！いくつになっても働ける！保育施設内厨房の調理補助のお仕事！朝時間を有効活用！
https://mynavi-ms.jp/jobs/686217982,まかないが出るので食費を節約！朝時間を有効活用！社員食堂の調理補助♪副業＆掛け持ちも大歓迎
https://mynavi-ms.jp/jobs/686217029,働き方の相談大歓迎◎介護老人保健施設　ゆとりろ 内厨房で施設内厨房の調理補助のお仕事◎未経験歓迎
https://mynavi-ms.jp/jobs/686217050,正社員登用多数☆病院の調理補助◎経験者優遇！お得な割引制度も有☆時給1100円☆
https://mynavi-ms.jp/jobs/686217081,正社員登用多数☆社会福祉施設の調理員◎経験者優遇！お得な割引制度も有☆時給最大1350円☆
https://mynavi-ms.jp/jobs/686217027,簡単業務で始めやすい◎週4日～始められる病院内厨房の調理業務♪副業＆掛け持ちも大歓迎
https://mynavi-ms.jp/jobs/686217037,孫の為に買ってあげたい！いくつになっても働ける！病院の調理補助のお仕事！朝時間を有効活用！
https://mynavi-ms.jp/jobs/686217057,簡単業務で始めやすい◎週3日～始められる病院の調理員♪副業＆掛け持ちも大歓迎
https://mynavi-ms.jp/jobs/686217080,正社員登用多数☆社会福祉施設の調理員◎経験者優遇！お得な割引制度も有☆時給最大1350円☆
https://mynavi-ms.jp/jobs/686217065,働き方の相談大歓迎◎北彩都病院 内厨房で病院の調理員のお仕事◎未経験歓迎
https://mynavi-ms.jp/jobs/686217042,簡単業務で始めやすい◎朝時間を有効活用！病院の調理補助♪副業＆掛け持ちも大歓迎
https://mynavi-ms.jp/jobs/686020793,《調理スキルを活かす》ご利用者さまの健康づくりに携わる／病院・介護施設・福祉施設内の【調理スタッフ】
https://mynavi-ms.jp/jobs/685677475,【仕分け作業（営業所）】日高富川営業所（日高富川）(PT)(y003210pt)[仕][Ｐ]
https://mynavi-ms.jp/jobs/686217986,孫の為に買ってあげたい！いくつになっても働ける！社員寮の調理補助のお仕事！朝時間を有効活用！
https://mynavi-ms.jp/jobs/686217066,簡単業務で始めやすい◎朝時間を有効活用！病院の調理員♪副業＆掛け持ちも大歓迎
https://mynavi-ms.jp/jobs/686217035,働き方の相談大歓迎◎小樽市立病院 内厨房で病院の調理補助のお仕事◎未経験歓迎
https://mynavi-ms.jp/jobs/686217036,簡単業務で始めやすい◎朝時間を有効活用！病院の調理補助♪副業＆掛け持ちも大歓迎
https://mynavi-ms.jp/jobs/686217814,孫の為に買ってあげたい！いくつになっても働ける！保育施設内厨房の調理員のお仕事！朝時間を有効活用！
https://mynavi-ms.jp/jobs/686217043,孫の為に買ってあげたい！いくつになっても働ける！病院の調理補助のお仕事！朝時間を有効活用！
https://mynavi-ms.jp/jobs/686020976,〈盛り付け・配膳メイン♪〉モクモク作業中心◎未経験歓迎／病院・福祉施設内の【調理補助スタッフ】
https://mynavi-ms.jp/jobs/686019979,《主婦（夫）活躍中》お客様が喜ぶレパートリー豊富な食事を提供◎社員食堂や企業寮の【調理スタッフ】
https://mynavi-ms.jp/jobs/686217048,正社員登用多数☆病院の調理補助◎経験者優遇！お得な割引制度も有☆時給1100円☆
https://mynavi-ms.jp/jobs/686021195,《調理スキルを活かす》ご利用者さまの健康づくりに携わる／病院・介護施設・福祉施設内の【調理スタッフ】
https://mynavi-ms.jp/jobs/686217988,まかないが出るので食費を節約！朝時間を有効活用！社員食堂の調理補助♪副業＆掛け持ちも大歓迎
https://mynavi-ms.jp/jobs/686020007,《調理スキルを活かす》ご利用者さまの健康づくりに携わる／病院・介護施設・福祉施設内の【調理スタッフ】
https://mynavi-ms.jp/jobs/686217815,働き方の相談大歓迎◎こうさい保育園 内厨房で保育施設内厨房の調理補助のお仕事◎未経験歓迎
https://mynavi-ms.jp/jobs/686217045,簡単業務で始めやすい◎朝時間を有効活用！病院の調理補助♪副業＆掛け持ちも大歓迎
https://mynavi-ms.jp/jobs/686217047,正社員登用多数☆病院の調理補助◎経験者優遇！お得な割引制度も有☆時給1100円☆
https://mynavi-ms.jp/jobs/686217046,孫の為に買ってあげたい！いくつになっても働ける！病院の調理補助のお仕事！朝時間を有効活用！
https://mynavi-ms.jp/jobs/686020776,〈チームで協力♪〉スキル&キャリアUP可能！種類豊富なメニューの調理◇社員食堂や企業寮の【調理師】
https://mynavi-ms.jp/jobs/686020385,《30代～50代・しゅふ活躍中》資格・経験不問！チームプレーで協力しながら作業◎【調理補助スタッフ】
https://mynavi-ms.jp/jobs/686020016,《調理スキルを活かす》ご利用者さまの健康づくりに携わる／病院・介護施設・福祉施設内の【調理スタッフ】
https://mynavi-ms.jp/jobs/686020682,〈未経験者大歓迎！〉お子様へのお料理提供♪主婦(夫)活躍中◎幼稚園・保育園の【調理補助スタッフ】
https://mynavi-ms.jp/jobs/686020019,〈盛り付け・配膳メイン♪〉モクモク作業中心◎未経験歓迎／病院・福祉施設内の【調理補助スタッフ】
https://mynavi-ms.jp/jobs/686020448,《調理スキルを活かす》ご利用者さまの健康づくりに携わる／病院・介護施設・福祉施設内の【調理スタッフ】
https://mynavi-ms.jp/jobs/686020634,《調理スキルを活かす》ご利用者さまの健康づくりに携わる／病院・介護施設・福祉施設内の【調理スタッフ】
https://mynavi-ms.jp/jobs/686020747,〈一人ひとりに合わせたお食事づくり◎〉マネジメントにも取り組める！病院・福祉施設内の【調理師】
https://mynavi-ms.jp/jobs/686020029,《主婦（夫）活躍中》お客様が喜ぶレパートリー豊富な食事を提供◎社員食堂や企業寮の【調理スタッフ】
https://mynavi-ms.jp/jobs/686019974,〈盛り付け・配膳メイン♪〉未経験OK！モクモク作業多め◎老人ホーム・福祉施設の【調理補助スタッフ】
https://mynavi-ms.jp/jobs/686019996,《調理スキルを活かす》ご利用者さまの健康づくりに携わる／病院・介護施設・福祉施設内の【調理スタッフ】
https://mynavi-ms.jp/jobs/686020311,《しゅふ活躍中》子どもたちの食生活を支えるお仕事！調理経験を活かす◎幼稚園・保育園の【調理スタッフ】
https://mynavi-ms.jp/jobs/686020058,〈盛り付け・配膳メイン♪〉モクモク作業中心◎未経験歓迎／病院・福祉施設内の【調理補助スタッフ】
https://mynavi-ms.jp/jobs/686020740,〈バリエーション豊かなメニューの調理♪〉スキル・キャリアUPが叶う◇老人ホーム・福祉施設の【調理師】
https://mynavi-ms.jp/jobs/686020235,〈一人ひとりに合わせたお食事づくり◎〉マネジメントにも取り組める！病院・福祉施設内の【調理師】
https://mynavi-ms.jp/jobs/686021285,〈一人ひとりに合わせたお食事づくり◎〉マネジメントにも取り組める！病院・福祉施設内の【調理師】
https://mynavi-ms.jp/jobs/686019965,〈盛り付け・配膳メイン♪〉モクモク作業中心◎未経験歓迎／病院・福祉施設内の【調理補助スタッフ】
https://mynavi-ms.jp/jobs/686020042,〈盛り付け・配膳メイン♪〉未経験OK！モクモク作業多め◎老人ホーム・福祉施設の【調理補助スタッフ】
https://mynavi-ms.jp/jobs/686020947,〈盛り付け・配膳メイン♪〉未経験OK！モクモク作業多め◎老人ホーム・福祉施設の【調理補助スタッフ】
https://mynavi-ms.jp/jobs/686021199,〈盛り付け・配膳メイン♪〉モクモク作業中心◎未経験歓迎／病院・福祉施設内の【調理補助スタッフ】
https://mynavi-ms.jp/jobs/686019960,《30代～50代活躍中》ご利用者様に合わせた食事づくり◎老人ホーム・福祉施設の【調理スタッフ】
https://mynavi-ms.jp/jobs/686021286,《調理スキルを活かす》ご利用者さまの健康づくりに携わる／病院・介護施設・福祉施設内の【調理スタッフ】
https://mynavi-ms.jp/jobs/686020023,〈盛り付け・配膳メイン♪〉モクモク作業中心◎未経験歓迎／病院・福祉施設内の【調理補助スタッフ】
https://mynavi-ms.jp/jobs/686020870,《調理スキルを活かす》ご利用者さまの健康づくりに携わる／病院・介護施設・福祉施設内の【調理スタッフ】
https://mynavi-ms.jp/jobs/686020869,《調理スキルを活かす》ご利用者さまの健康づくりに携わる／病院・介護施設・福祉施設内の【調理スタッフ】
https://mynavi-ms.jp/jobs/686020040,《30代～50代活躍中》ご利用者様に合わせた食事づくり◎老人ホーム・福祉施設の【調理スタッフ】
https://mynavi-ms.jp/jobs/686020822,《調理スキルを活かす》ご利用者さまの健康づくりに携わる／病院・介護施設・福祉施設内の【調理スタッフ】
https://mynavi-ms.jp/jobs/686020377,《種類豊富なメニューの調理》資格・経験を活かして働く◎スキルアップも可！30～50代活躍中【調理師】
https://mynavi-ms.jp/jobs/686019985,《調理スキルを活かす》ご利用者さまの健康づくりに携わる／病院・介護施設・福祉施設内の【調理スタッフ】
https://mynavi-ms.jp/jobs/686020804,〈一人ひとりに合わせたお食事づくり◎〉マネジメントにも取り組める！病院・福祉施設内の【調理師】
https://mynavi-ms.jp/jobs/686020055,《30代～50代活躍中》ご利用者様に合わせた食事づくり◎老人ホーム・福祉施設の【調理スタッフ】
https://mynavi-ms.jp/jobs/686019977,〈盛り付け・配膳メイン♪〉モクモク作業中心◎未経験歓迎／病院・福祉施設内の【調理補助スタッフ】
https://mynavi-ms.jp/jobs/686020692,〈チームで協力♪〉スキル&キャリアUP可能！種類豊富なメニューの調理◇社員食堂や企業寮の【調理師】
https://mynavi-ms.jp/jobs/686020775,《主婦（夫）活躍中》お客様が喜ぶレパートリー豊富な食事を提供◎社員食堂や企業寮の【調理スタッフ】
https://mynavi-ms.jp/jobs/686020009,《30代～50代活躍中》ご利用者様に合わせた食事づくり◎老人ホーム・福祉施設の【調理スタッフ】
https://mynavi-ms.jp/jobs/686020305,《しゅふ活躍中》子どもたちの食生活を支えるお仕事！調理経験を活かす◎幼稚園・保育園の【調理スタッフ】
https://mynavi-ms.jp/jobs/686021325,《調理スキルを活かす》ご利用者さまの健康づくりに携わる／病院・介護施設・福祉施設内の【調理スタッフ】
https://mynavi-ms.jp/jobs/686020001,〈盛り付け・配膳メイン♪〉モクモク作業中心◎未経験歓迎／病院・福祉施設内の【調理補助スタッフ】
https://mynavi-ms.jp/jobs/686020853,〈一人ひとりに合わせたお食事づくり◎〉マネジメントにも取り組める！病院・福祉施設内の【調理師】
https://mynavi-ms.jp/jobs/686020155,《30代～50代活躍中》ご利用者様に合わせた食事づくり◎老人ホーム・福祉施設の【調理スタッフ】
https://mynavi-ms.jp/jobs/684421532,写真付きレシピ有☆施設のご利用者様に／分担作業でかんたん調理♪【調理スタッフ】札幌市中央区
https://mynavi-ms.jp/jobs/686020411,《調理スキルを活かす》ご利用者さまの健康づくりに携わる／病院・介護施設・福祉施設内の【調理スタッフ】
https://mynavi-ms.jp/jobs/686020808,《調理スキルを活かす》ご利用者さまの健康づくりに携わる／病院・介護施設・福祉施設内の【調理スタッフ】
https://mynavi-ms.jp/jobs/686019994,〈バリエーション豊かなメニューの調理♪〉スキル・キャリアUPが叶う◇老人ホーム・福祉施設の【調理師】
https://mynavi-ms.jp/jobs/686019972,〈盛り付け・配膳メイン♪〉未経験OK！モクモク作業多め◎老人ホーム・福祉施設の【調理補助スタッフ】
https://mynavi-ms.jp/jobs/686020851,《30代～50代活躍中》ご利用者様に合わせた食事づくり◎老人ホーム・福祉施設の【調理スタッフ】
https://mynavi-ms.jp/jobs/686020499,〈盛り付け・配膳メイン♪〉モクモク作業中心◎未経験歓迎／病院・福祉施設内の【調理補助スタッフ】
https://mynavi-ms.jp/jobs/686020898,〈盛り付け・配膳メイン♪〉モクモク作業中心◎未経験歓迎／病院・福祉施設内の【調理補助スタッフ】
https://mynavi-ms.jp/jobs/686020792,〈盛り付け・配膳メイン♪〉モクモク作業中心◎未経験歓迎／病院・福祉施設内の【調理補助スタッフ】
https://mynavi-ms.jp/jobs/686020036,《30代～50代活躍中》ご利用者様に合わせた食事づくり◎老人ホーム・福祉施設の【調理スタッフ】
https://mynavi-ms.jp/jobs/686020056,〈盛り付け・配膳メイン♪〉未経験OK！モクモク作業多め◎老人ホーム・福祉施設の【調理補助スタッフ】
https://mynavi-ms.jp/jobs/686020015,〈盛り付け・配膳メイン♪〉モクモク作業中心◎未経験歓迎／病院・福祉施設内の【調理補助スタッフ】
https://mynavi-ms.jp/jobs/686020278,《30代～50代活躍中》ご利用者様に合わせた食事づくり◎老人ホーム・福祉施設の【調理スタッフ】
https://mynavi-ms.jp/jobs/686020807,〈盛り付け・配膳メイン♪〉モクモク作業中心◎未経験歓迎／病院・福祉施設内の【調理補助スタッフ】
https://mynavi-ms.jp/jobs/686020806,《調理スキルを活かす》ご利用者さまの健康づくりに携わる／病院・介護施設・福祉施設内の【調理スタッフ】
https://mynavi-ms.jp/jobs/686020041,《30代～50代活躍中》ご利用者様に合わせた食事づくり◎老人ホーム・福祉施設の【調理スタッフ】
https://mynavi-ms.jp/jobs/686020032,〈盛り付け・配膳メイン♪〉モクモク作業中心◎未経験歓迎／病院・福祉施設内の【調理補助スタッフ】
https://mynavi-ms.jp/jobs/686020020,〈一人ひとりに合わせたお食事づくり◎〉マネジメントにも取り組める！病院・福祉施設内の【調理師】
https://mynavi-ms.jp/jobs/686020779,〈盛り付け・提供メイン◎〉マニュアル完備で安心♪未経験者歓迎／社員食堂・企業寮の【調理補助スタッフ】
https://mynavi-ms.jp/jobs/686020326,《30代～50代活躍中》ご利用者様に合わせた食事づくり◎老人ホーム・福祉施設の【調理スタッフ】
